[{"idx":"100","logo":"img\/bars1.png","name":"\u0421HEESE CAKE SNEZHNY BARS#1","breed":"\u0411\u0440\u0438\u0442\u0430\u043d\u0441\u043a\u0438\u0439 \u043a\/\u0448, BRI","color":"\u0427\u0451\u0440\u043d\u044b\u0439 \u0437\u0430\u0442\u0443\u0448\u0451\u0432\u0430\u043d\u043d\u044b\u0439 \u043f\u043e\u0439\u043d\u0442","color_code":"BRI ns 12 31","birth":"13.07.2009","father":"200","mother":"201","category":"catChildren","url":"cats-m-item.html","state":"\u041f\u0440\u043e\u0434\u0430\u0435\u0442\u0441\u044f"},{"idx":"110","logo":"img\/bars2.png","name":"\u0421HEESE CAKE SNEZHNY BARS#2","breed":"\u0411\u0440\u0438\u0442\u0430\u043d\u0441\u043a\u0430\u044f \u043a\/\u0448, BRI","color":"\u0427\u0451\u0440\u043d\u044b\u0439 \u0437\u0430\u0442\u0443\u0448\u0451\u0432\u0430\u043d\u043d\u044b\u0439 \u043f\u043e\u0439\u043d\u0442","color_code":"BRI ns 12 32","birth":"13.07.2011","father":"200","mother":"201","category":"catChildren","url":"cats-m-item.html","state":"\u041f\u0440\u043e\u0434\u0430\u0435\u0442\u0441\u044f"},{"idx":"200","logo":"img\/index-cat.jpg","name":"Diamond-Pro Grand Bear","breed":"\u0411\u0440\u0438\u0442\u0430\u043d\u0441\u043a\u0438\u0439 \u043a\/\u0448, BRI","color":"\u0427\u0451\u0440\u043d\u044b\u0439 \u0437\u0430\u0442\u0443\u0448\u0451\u0432\u0430\u043d\u043d\u044b\u0439 \u043f\u043e\u0439\u043d\u0442","color_code":"BRI ns 12 33","birth":"13.07.2009","father":"","mother":"","category":"catMale","url":"cats-m-item.html","state":""},{"idx":"201","logo":"img\/index-cat.jpg","name":"Diamond-Pro Katalina","breed":"\u0411\u0440\u0438\u0442\u0430\u043d\u0441\u043a\u0438\u0439 \u043a\/\u0448, BRI","color":"\u0427\u0451\u0440\u043d\u044b\u0439 \u0437\u0430\u0442\u0443\u0448\u0451\u0432\u0430\u043d\u043d\u044b\u0439 \u043f\u043e\u0439\u043d\u0442","color_code":"BRI ns 12 34","birth":"13.07.2009","father":"","mother":"","category":"catFemale","url":"cats-m-item.html","state":""}]